parameters,mean,std,mcse,ess_bulk,ess_tail,rhat,ess_per_sec
TVCL,4.11307935,0.1081055141516358,0.008049525066985662,193.7840023929386,378.12682212226383,1.0227020928109856,0.09296381606921962
TVVC,67.393523145,1.8073902492004887,0.057539925457777516,1010.403646845762,1583.2099385538345,1.0033199798612924,0.48495965162178206
TVQ,4.240534599,0.3119256963217975,0.006339656455018677,2436.2969572171214,2787.2018628170836,1.0007013289442999,1.167393739394904
TVVP,54.003242485,2.13934321488844,0.04279819830103737,2532.7355218742077,2672.657571430295,1.0006599732373744,1.2150510253177962
ωCL,0.2895618865,0.019706169888438076,0.0008952438669677159,497.5909764332654,957.509235695938,1.0116593086380383,0.2385757722657927
ωVC,0.27295010910000006,0.020861386859748674,0.0005691003837804094,1375.6903317646593,2170.425950764217,1.0029228741576273,0.6613333804626064
ωQ,0.352780076885,0.0740231924364966,0.0023805274562121413,983.61699570515,1651.5249239157936,1.0025421444227296,0.4732720501888079
ωVP,0.32322971345,0.0348447766875153,0.0009071999936888132,1495.6234520260036,2420.8037114762315,1.0022188183499368,0.7194446358258648
σ,0.20153990745,0.002206466834413118,3.067409297835478e-5,5190.29798045533,2745.046120161024,1.0014729876277557,2.493205600339904
