parameters,mean,std,mcse,ess_bulk,ess_tail,rhat,ess_per_sec
TVCL,4.1130793500000005,0.1081055141516358,0.008049525066985674,193.7840023929386,378.12682212226326,1.0227020928109856,0.09296381606921962
TVVC,67.39352314499999,1.8073902492004887,0.05753992545777749,1010.4036468457618,1583.2099385538356,1.0033199798612924,0.48495965162178206
TVQ,4.240534599,0.31192569632179745,0.0063396564550186815,2436.296957217122,2787.2018628170845,1.0007013289442999,1.1673937393949045
TVVP,54.003242485,2.13934321488844,0.042798198301037337,2532.7355218742086,2672.657571430298,1.0006599732373744,1.2150510253177966
ωCL,0.2895618865,0.019706169888438076,0.0008952438669677157,497.5909764332658,957.5092356959387,1.0116593086380383,0.23857577226579285
ωVC,0.27295010910000006,0.02086138685974867,0.0005691003837804094,1375.690331764659,2170.425950764218,1.0029228741576273,0.6613333804626061
ωQ,0.35278007688499996,0.07402319243649658,0.002380527456212142,983.6169957051501,1651.5249239157943,1.0025421444227296,0.4732720501888079
ωVP,0.32322971344999996,0.0348447766875153,0.0009071999936888132,1495.6234520260043,2420.8037114762337,1.0022188183499368,0.719444635825865
σ,0.20153990745,0.0022064668344131183,3.067409297835472e-5,5190.297980455323,2745.0461201610256,1.0014729876277557,2.493205600339901
