parameters,mean,std,mcse,ess_bulk,ess_tail,rhat,ess_per_sec
TVCL,3.950117272999999,0.10661612673812566,0.007313367747842548,212.61893378609602,432.27334036410923,1.0187520084702322,0.08322004015491616
TVVC,69.575435105,1.8850271768033806,0.08805592106799032,552.8555355271346,893.0734584125845,1.017894413183647,0.21697278261483466
TVKA,0.9880959796500001,0.037732937914873435,0.0008433776903290351,2142.2746140799195,2557.510411695986,1.0025610321826464,0.8408297573460942
ωCL,0.29255892595,0.01943505658696825,0.0008894228558494581,493.45162234778866,968.166604017091,1.005682854044813,0.19293958765199676
ωVC,0.28707674920000004,0.026092563621649932,0.00445508432022227,747.0096062729932,1218.8199425128296,1.1933374652879691,0.29416081251283493
ωKA,0.33973183965000003,0.03509136874553905,0.004000464776830958,1019.5083105377001,1665.4351112496454,1.1082773895617355,0.40184052921103464
σ,0.19939912710000002,0.002138422209493792,2.772538734357927e-5,5971.637490348287,2853.3378173637766,1.0005015809491649,2.3388196905119707
