parameters,mean,std,mcse,ess_bulk,ess_tail,rhat,ess_per_sec
TVCL,3.950117273,0.10661612673812566,0.007313367747842565,212.61893378609597,432.2733403641091,1.0187520084702322,0.08322004015491613
TVVC,69.575435105,1.8850271768033806,0.08805592106799008,552.8555355271346,893.0734584125834,1.017894413183647,0.21697278261483466
TVKA,0.98809597965,0.037732937914873435,0.0008433776903290351,2142.2746140799195,2557.5104116959856,1.0025610321826464,0.8408297573460943
ωCL,0.29255892595,0.01943505658696825,0.0008894228558494581,493.45162234778866,968.166604017091,1.005682854044813,0.19293958765199676
ωVC,0.2870767492,0.02609256362164994,0.004455084320222259,747.0096062729932,1218.8199425128296,1.1933374652879691,0.294160812512835
ωKA,0.33973183965000003,0.03509136874553905,0.004000464776830958,1019.5083105377001,1665.4351112496454,1.1082773895617355,0.40184052921103464
σ,0.19939912710000002,0.002138422209493792,2.7725387343579296e-5,5971.6374903482965,2853.3378173637757,1.0005015809491649,2.3388196905119747
