model,mean_ess,mean_ess_sec,mean_rhat
01_mult_dose,9755.732711648578,16.33712865196337,1.0048533877643417
02_mult_dose,5299.550565084411,7.466132673277446,1.054092598842681
03_mult_dose,8643.852829011985,8.56208491804466,1.0055641795711596
05,11199.470919329382,0.10646492118684889,1.0013810648381827
