parameters,mean,std,mcse,ess_bulk,ess_tail,rhat,ess_per_sec
TVCL,4.114825720834887,0.11023912372148152,0.0016769247634066046,4399.716299775435,2682.786315499997,1.001421159739523,2.9123620282954965
TVVC,67.55363325192641,1.7938696358054895,0.031117270572051225,3407.038693745543,2849.600647629343,1.0016539986864181,2.222983209180998
TVQ,4.1591557516354545,0.2971530252645901,0.01195008524893853,627.0706144229962,1176.7163696257144,1.0063558516942117,0.42269150816238527
TVVP,53.54353541995103,2.071543741618129,0.053352555662367095,1582.48302471518,2229.2089603707054,1.0014532439889354,1.030000342909941
σ,0.04067284829,0.0008854695685412136,1.5305930078009092e-5,3506.5917267085633,2786.932934126028,1.0005195480283082,2.263191974967625
ωCL,0.08368371321,0.01145607529253046,0.00018381038560732292,4155.671685751061,2883.1551688052605,1.0007836265356342,2.7065968876290105
ωVC,0.07545140974,0.011568147969537411,0.00022099461671105553,2604.5484644054586,2336.5121224736054,1.0012864752347905,1.7283898475815778
ωQ,0.11169702102500001,0.049377751324743216,0.003813540652041028,153.5645335472163,307.52626181304026,1.0273448299181462,0.10277664861556213
ωVP,0.102995225475,0.02199681685890471,0.0006724621907804315,1090.360882847841,1862.255269825518,1.0039201137048879,0.7074308173769396
