parameters,mean,std,mcse,ess_bulk,ess_tail,rhat,ess_per_sec
TVCL,4.114825720834885,0.11023912372148152,0.0016769247634066057,4399.716299775438,2682.7863154999955,1.001421159739523,2.9123620282954983
TVVC,67.55363325192644,1.7938696358054897,0.031117270572051263,3407.0386937455432,2849.6006476293405,1.0016539986864181,2.222983209180998
TVQ,4.159155751635455,0.2971530252645901,0.01195008524893853,627.0706144229964,1176.7163696257132,1.0063558516942117,0.42269150816238527
TVVP,53.543535419951034,2.071543741618129,0.05335255566236713,1582.48302471518,2229.2089603707036,1.0014532439889354,1.0300003429099407
σ,0.04067284829,0.0008854695685412136,1.530593007800908e-5,3506.5917267085633,2786.9329341260263,1.0005195480283082,2.2631919749676244
ωCL,0.28861435286535214,0.019617579924403192,0.00031158632729250374,4155.671685751063,2883.1551688052577,1.0007825480623302,2.7065968876290105
ωVC,0.27387730815487116,0.020831801955224202,0.0004022533981206533,2604.5484644054577,2336.512122473604,1.0013048902419783,1.7283898475815775
ωQ,0.32530279778278104,0.07262326557265691,0.005869488698950723,153.56453354721629,307.52626181303975,1.0277612486600458,0.10277664861556213
ωVP,0.3191378127134291,0.033849545149961836,0.0010451047780608792,1090.3608828478414,1862.2552698255186,1.0039201137048879,0.7074308173769397
