parameters,mean,std,mcse,ess_bulk,ess_tail,rhat,ess_per_sec
TVCL,3.951354378189761,0.10520218235397964,0.0013560547291220754,6109.5362043409405,2840.8677491126023,1.0013254979608088,3.2663688879838566
TVVC,69.68759226495436,1.8373310564507837,0.02538749662187364,5323.263784079101,2846.5494301639615,1.001349793545495,2.845766850273299
TVKA,0.9874596146974408,0.037473795022793015,0.0006660959651526622,3169.1644129979636,2964.327307221783,1.0007963589674465,1.6997929188130114
σ,0.039787675835,0.0008615575625093762,1.2019032286646018e-5,5203.132484822577,2801.473191756695,1.00127652113338,2.7863404063580144
ωCL,0.085840510255,0.011432949866179109,0.00015051710631288774,6170.8218035194395,2993.1162345390126,1.0007740682171764,3.314206356436445
ωVC,0.07883959931000001,0.01097121005445144,0.00015385075862433867,5264.720642316554,3058.7481850026393,1.0006469196769592,2.817902153888843
ωKA,0.11166683585,0.0212014492978888,0.00047596724533266135,1945.4214681941746,2589.9988230980102,1.0010021786361696,1.0429464638344634
