parameters,mean,std,mcse,ess_bulk,ess_tail,rhat,ess_per_sec
TVCL,3.951354378189761,0.10520218235397964,0.001356054729122077,6109.536204340941,2840.8677491126004,1.0013254979608088,3.2663688879838566
TVVC,69.68759226495436,1.8373310564507837,0.025387496621873628,5323.263784079105,2846.549430163962,1.001349793545495,2.8457668502733013
TVKA,0.9874596146974408,0.037473795022793015,0.0006660959651526622,3169.1644129979604,2964.3273072217808,1.0007963589674465,1.69979291881301
σ,0.039787675834999994,0.0008615575625093762,1.2019032286646016e-5,5203.132484822577,2801.4731917566924,1.00127652113338,2.7863404063580144
ωCL,0.2923472355052339,0.01932848795960013,0.0002505794340294654,6170.82180351944,2993.1162345390103,1.0008215614957696,3.314206356436445
ωVC,0.28011478646325977,0.01936984132240371,0.00026911014859624943,5264.7206423165535,3058.74818500264,1.0006700556341683,2.817902153888843
ωKA,0.3326862826821909,0.031407896650561366,0.0007099213979438936,1945.4214681941746,2589.9988230980107,1.0010154759885137,1.0429464638344637
