model,mean_ess,mean_ess_sec,mean_rhat
01_mult_dose,2123.8548944632457,5.0138680539308105,1.0049709830589841
02_mult_dose,2870.725845842101,6.070166152156267,1.0010244768767766
03_mult_dose,1066.8304635607813,1.2959305002455035,1.0408274181211037
05,1006.0731821034617,0.14574923187731775,1.0125739712730797
