model,mean_ess,mean_ess_sec,mean_rhat
01_mult_dose,8450.478204218369,11.780789622643445,1.0431132739760827
02_mult_dose,15009.32850030081,29.218650353911517,1.0008838989080717
03_mult_dose,3877.43150824168,3.975466512438411,1.038737769419907
05,3429.7773537125418,0.4571591848592567,1.0120109962981396
