software,mean_ess_per_sec,comparison
Stan,0.3469329500970246,8.59957427617138
NONMEM,0.7341556853786712,18.197828557136916
Pumas,0.04034303780110877,1.0
