model,mean_ess,mean_ess_sec
01_single_dose,1928.9734354427862,4.4917299695954975
01_mult_dose,1950.3266729625248,3.793524221898633
02_single_dose,3948.528064247797,24.19886047832198
02_mult_dose,4546.687058101598,25.05337810283006
03_single_dose,636.7703856883834,0.5761376585070965
03_mult_dose,489.2709841062745,0.492244138704047
