model,mean_ess_sec
01_single_dose,1.2841160416479958
01_mult_dose_,1.0502453785971742
02_single_dose,1.9180001275938776
02_mult_dose,2.480669824221121
03_single_dose,0.17817041855441987
03_mult_dose,0.1604067235504262
