model,mean_ess,mean_ess_sec
01_single_dose,2229.7579861021754,5.192124778442603
01_mult_dose,2248.2094673304,4.372927463102777
02_single_dose,4071.340716873568,24.951527344938214
02_mult_dose,4865.2156261578575,26.808549846582864
03_single_dose,687.0969436110532,0.6216721649696475
03_mult_dose,606.320269803,0.6100046981800072
