model,mean_ess,mean_ess_sec
01_single_dose,1928.973435442786,1.2841160416479958
01_mult_dose,1950.3266729625248,1.0502453785971742
02_single_dose,3948.528064247798,6.27168598787731
02_mult_dose,4546.687058101597,6.946703729662798
03_single_dose,636.7703856883834,0.17817041855441987
03_mult_dose,489.2709841062745,0.1604067235504262
