model,mean_ess,mean_ess_sec
01_single_dose,2229.7579861021736,5.192124778442598
01_mult_dose,2248.2094673304005,4.372927463102778
02_single_dose,4517.7622446717505,12.404278423634032
02_mult_dose,4559.319104220929,10.494462203293656
03_single_dose,687.0969436110535,0.6216721649696477
03_mult_dose,606.3202698029957,0.6100046981800028
