model,mean_ess,mean_ess_sec
01_single_dose,2229.757986102175,1.484348071537482
01_mult_dose,2248.2094673304,1.2106544180086374
02_single_dose,4071.340716873568,6.466756753508001
02_mult_dose,4865.215626157857,7.433370958668099
03_single_dose,687.0969436110532,0.19225195263799985
03_mult_dose,606.3202698030001,0.19878114799504293
