model,mean_ess_sec
01_single_dose,2.7959124212106214
01_mult_dose_,1.9049775281162848
02_single_dose,3.225887358627421
02_mult_dose,2.400760912912493
03_single_dose,2.121051225767371
03_mult_dose,1.2472477787516414
