model,mean_ess,mean_ess_sec
01_single_dose,1172.1809145777188,0.12964857657743628
01_mult_dose,1255.0157655966725,0.1339133432136315
02_single_dose,2102.3651451265805,0.2038595631323584
02_mult_dose,1925.2478579751503,0.2034187981657632
03_single_dose,1040.6052675209442,0.07308396751375404
03_mult_dose,1184.3028556155125,0.07362322664003765
