model,mean_ess,mean_ess_sec
01_single_dose,1235.5436268921835,0.2101320778279597
01_mult_dose,1114.1942475164828,0.19763357274928714
02_single_dose,1977.8440121979916,0.2797400746953579
02_mult_dose,1964.3581833029905,0.2701446513896354
03_single_dose,1518.9346120278485,0.1657316387056062
03_mult_dose,1173.5058678943842,0.054602528979880244
