model,mean_ess_sec
01_single_dose,0.12964857657743628
01_mult_dose_,0.1339133432136315
02_single_dose,0.2038595631323584
02_mult_dose,0.2034187981657632
03_single_dose,0.07308396751375404
03_mult_dose,0.07362322664003765
