model,mean_ess,mean_ess_sec
01_single_dose,1057.6034438632305,0.28701673210067497
01_mult_dose,1026.829821453548,0.26867281246631414
02_single_dose,1917.7588955620179,0.37544015413647414
02_mult_dose,1777.1554702159797,0.3920076435541628
03_single_dose,1411.5480366443894,0.2274804903545172
03_mult_dose,1136.2478206938895,0.10367403561566586
