model,mean_ess,mean_ess_sec
01_single_dose,943.0420693014262,0.16758369252034375
01_mult_dose,1062.8404700447625,0.19763357274928714
02_single_dose,1997.7938061210791,0.2797400746953579
02_mult_dose,1934.4695069495917,0.27014465138963534
03_single_dose,1348.434786674756,0.1657316387056062
03_mult_dose,1087.439111802155,0.05460252897988023
