model,mean_ess,mean_ess_sec
01_single_dose,1468.1717838453412,0.1623865220628308
01_mult_dose,1566.316136597572,0.1671298768757046
02_single_dose,2113.520785336751,0.2049412895607949
02_mult_dose,1974.4099571084923,0.20861319174972928
03_single_dose,1242.9759350380605,0.0872968989222143
03_mult_dose,1617.5369670285882,0.10055560548344
