model,mean_ess_sec
01_mult_dose,0.573505002487518
01_mult_dose_mat_exp,0.8819826758519398
01_single_dose,1.4805942714953366
01_single_dose_mat_exp,1.515735344123348
02_mult_dose,0.16983717175027424
02_mult_dose_mat_exp,0.3340025213134517
02_single_dose,0.5476737141492226
02_single_dose_mat_exp,0.8039888379797151
03_mult_dose,0.12378644074449453
03_mult_dose_mat_exp,0.07793354905453966
03_single_dose,0.337891944648883
03_single_dose_mat_exp,0.24219636832009284
