model,mean_ess,mean_ess_sec
01_mult_dose,2203.071010668878,3.4293846774939336
01_single_dose,1217.1748904499957,5.933039358378157
02_mult_dose,2168.4245289720434,0.9191978639497608
02_single_dose,1999.332910656302,2.9959689433982057
03_mult_dose,1192.5945004523944,0.30085633210201673
03_single_dose,1326.7613935122013,0.8935382893188503
