model,mean_ess,mean_ess_sec
01_mult_dose,2203.0710106688784,0.8819826758519398
01_single_dose,1217.1748904499957,1.515735344123348
02_mult_dose,2168.4245289720434,0.3340025213134517
02_single_dose,1999.332910656302,0.8039888379797151
03_mult_dose,1192.5945004523944,0.07793354905453966
03_single_dose,1326.7613935122013,0.24219636832009284
