model,mean_ess,mean_ess_sec
01_mult_dose,2203.071010668885,3.4293846774939447
01_single_dose,1217.174890449994,5.93303935837815
02_mult_dose,1718.1301548592012,2.552479572587438
02_single_dose,1984.8611790521047,7.092082677857951
03_mult_dose,1192.5945004523987,0.30085633210201784
03_single_dose,1326.7613935122033,0.8935382893188515
