model,mean_ess,mean_ess_sec,mean_rhat
01_mult_dose,1929.6117929929655,3.573124492449981,1.0053555008944488
02_mult_dose,1512.6595265165747,2.25323749127962,1.0495723919543152
03_mult_dose,1741.9131093444455,1.7786456682236795,1.0059575271626922
05,2218.0836506440137,0.0413775009754613,1.0016006320934576
