software,mean_ess,mean_ess_sec
stan,1684.5598724519689,2.4119975774401543
nonmem,2250.0927667582278,9.767645761642884
pumas,1497.3967583053136,0.19633075739128772
