software,mean_ess,mean_ess_sec,mean_rhat
Stan,8724.65175626859,8.11795279111808,1.0164728077540914
NONMEM,7691.75389161835,11.358016418463157,1.02368648465055
Pumas,7934.237328759223,0.09366461203998301,1.022422043894041
