software,mean_ess,mean_ess_sec
stan,1684.5598724519689,2.411997577440154
nonmem,2451.3235016463423,10.426134382702685
pumas,1395.6699584822952,0.1892393598400184
