software,mean_ess,mean_ess_sec
stan,1684.5598724519689,0.6426398827738479
nonmem,2250.0927667582278,2.6485547133150207
pumas,1446.6196344020964,0.13625791254049682
