software,mean_ess,mean_ess_sec,mean_rhat
stan,1850.5670198745,1.9115962882321855,1.0156215130262285
nonmem,1766.8710964923973,3.1314284845524747,1.0148492123324862
pumas,1845.0039876568624,0.18839815296075157,1.0188120180471634
