software,mean_ess,mean_ess_sec
stan,1684.5598724519689,0.6426398827738479
nonmem,2451.3235016463423,2.8310272170592103
pumas,1663.8219274924675,0.1551538974424523
