parameters,mean,std,mcse,ess_bulk,ess_tail,rhat,ess_per_sec
TVCL,4.1231890469307695,0.10975085002859408,0.008021150629756828,197.67702730408007,451.7156872327017,1.0238432702245277,0.004169855259712691
TVVC,67.43375657799291,1.8182574612074454,0.06307544804396714,846.9557312809736,1416.977692787684,1.0036388557839446,0.01786977590026354
TVQ,4.238811000360724,0.3081001672391472,0.006459090466015692,2301.3821617710846,2671.0554335224706,1.0009474407644618,0.04867627431857234
TVVP,53.96987128192485,2.112433330746686,0.04535694566377644,2187.308488213476,2828.166390907024,1.002089481969301,0.04626350514511704
σ,0.20155888447216608,0.00220092733823891,3.0828773319461706e-5,5176.86598963498,2874.0426059284405,1.0008885797085707,0.10954040603171752
ωCL,0.28966006070611205,0.019526461653747662,0.0008709704453707051,507.403915187454,955.7710726324251,1.0082289828490927,0.010791196820194
ωVC,0.2728315243911165,0.020950407211104884,0.0005844775769801875,1298.2112285831022,1999.6078195114683,1.003233932559538,0.027500764157843676
ωQ,0.34996897324665854,0.0736453876243349,0.002510526346737149,876.7265508398575,1487.4382852356343,1.0037095197003822,0.018567063019561493
ωVP,0.3225182118825679,0.03381440238970631,0.0008998666853923285,1436.8586815563967,2567.3746853946336,1.002399577015804,0.03042903974819993
