parameters,mean,std,mcse,ess_bulk,ess_tail,rhat,ess_per_sec
TVCL,3.950437324550644,0.10430552045325099,0.007188872963423317,231.98070807483322,548.5995203611844,1.0146367162908503,0.0028581160563872915
TVVC,69.74428493043224,1.8577942327494767,0.07636707028460855,602.7338829613825,1271.9428913099168,1.0080750604430502,0.007476592384573391
TVKA,0.9878233718286102,0.03707336147618227,0.0007651838491420468,2396.4733706394254,2898.3605299301826,1.0005278725226958,0.029734398050126797
σ,0.19940087628453423,0.0021279518621945223,2.547495127545551e-5,6975.109025311389,3092.1830033101005,1.002304924671813,0.08667447664921316
ωCL,0.2925575854327542,0.01982204018547518,0.0009926587766934812,414.8950568502884,930.9979827024788,1.0065326787434485,0.0051298896366457035
ωVC,0.28050441843620694,0.019965354061820376,0.0005942604071623627,1139.4653147977567,1950.4927624285524,1.0015433814064216,0.014117735028268857
ωKA,0.33456623285803755,0.03161018685612698,0.0007648996689218028,1717.7344376696412,2570.956722894891,1.00148084361686,0.021282315017535646
