model,mean_ess,mean_ess_sec,mean_rhat
01_mult_dose,1916.9055192391656,0.15417822708864531,1.00544218228618
02_mult_dose,1894.790487562473,0.09058635823075203,1.0050144968135915
03_mult_dose,1509.1938139829422,0.458586538820639,1.0629856522299594
05,2059.126129842868,0.05024148770296999,1.0018057408589232
