model,mean_ess,mean_ess_sec,mean_rhat
01_mult_dose,9691.607240221274,0.15566703643457017,1.0051032462796066
02_mult_dose,9680.775596266078,0.09246965314877001,1.0047499183830342
03_mult_dose,2253.390483525898,0.07724004474573347,1.078275510097152
05,10111.175995023641,0.04928171383085839,1.001559500816372
